{"Distance": 0, "Latitude": 1.3520126023225627, "Attribute": "kpe", "CreateDate": "/Date(1440608298270)/", "__metadata": {"type": "LTAModel.VMS", "uri": "http://datamall.mytransport.sg/LTAoDataService.svc/VMSSet(1)"}, "EquipmentID": "VMS_0026", "Longitude": 103.8996617438024, "Summary": "Message: ROAD WORKS LANE 2, Attribute: kpe", "Date": "/Date(1440635420000)/", "VMSID": 1, "Message": "ROAD WORKS LANE 2,"}
{"Distance": 0, "Latitude": 1.2949469391706112, "Attribute": "st", "CreateDate": "/Date(1440608298183)/", "__metadata": {"type": "LTAModel.VMS", "uri": "http://datamall.mytransport.sg/LTAoDataService.svc/VMSSet(2)"}, "EquipmentID": "TMD_00_00001", "Longitude": 103.84958118986744, "Summary": "Message: PENANG RD  and |ORCHARD|THRU TUNNEL Attribute: st", "Date": "/Date(1440636475000)/", "VMSID": 2, "Message": "PENANG RD  and |ORCHARD|THRU TUNNEL"}
{"Distance": 0, "Latitude": 1.2934851009043578, "Attribute": "st", "CreateDate": "/Date(1440608298487)/", "__metadata": {"type": "LTAModel.VMS", "uri": "http://datamall.mytransport.sg/LTAoDataService.svc/VMSSet(3)"}, "EquipmentID": "AVMS_00_00001", "Longitude": 103.8499177189426, "Summary": "Message: || Attribute: st", "Date": "/Date(1440633631000)/", "VMSID": 3, "Message": "||"}
{"Distance": 0, "Latitude": 1.2936388891398625, "Attribute": "st", "CreateDate": "/Date(1440608298480)/", "__metadata": {"type": "LTAModel.VMS", "uri": "http://datamall.mytransport.sg/LTAoDataService.svc/VMSSet(4)"}, "EquipmentID": "AVMS_00_00002", "Longitude": 103.84891014713229, "Summary": "Message: SELEGIE RD|KEEP RIGHT| Attribute: st", "Date": "/Date(1440633634000)/", "VMSID": 4, "Message": "SELEGIE RD|KEEP RIGHT|"}
{"Distance": 0, "Latitude": 1.3170678578239643, "Attribute": "kpe", "CreateDate": "/Date(1440608298533)/", "__metadata": {"type": "LTAModel.VMS", "uri": "http://datamall.mytransport.sg/LTAoDataService.svc/VMSSet(5)"}, "EquipmentID": "AVMS_0007", "Longitude": 103.87474047949917, "Summary": "Message: 12MN-5AM,SIMS AVE EXIT,ON KPE CLOSED Attribute: kpe", "Date": "/Date(1440633447000)/", "VMSID": 5, "Message": "12MN-5AM,SIMS AVE EXIT,ON KPE CLOSED"}
{"Distance": 0, "Latitude": 1.3551723583430682, "Attribute": "sst", "CreateDate": "/Date(1440608298433)/", "__metadata": {"type": "LTAModel.VMS", "uri": "http://datamall.mytransport.sg/LTAoDataService.svc/VMSSet(6)"}, "EquipmentID": "amvms_v6118", "Longitude": 103.72343164507616, "Summary": "Message: LITTER PICKING,ALONG LANE 1 Attribute: sst", "Date": "/Date(1440633888000)/", "VMSID": 6, "Message": "LITTER PICKING,ALONG LANE 1"}
{"Distance": 0, "Latitude": 1.3595061969912057, "Attribute": "sst", "CreateDate": "/Date(1440608298167)/", "__metadata": {"type": "LTAModel.VMS", "uri": "http://datamall.mytransport.sg/LTAoDataService.svc/VMSSet(7)"}, "EquipmentID": "amvms_v6124", "Longitude": 103.70211326843304, "Summary": "Message: LITTER PICKING,ALONG LANE 1 Attribute: sst", "Date": "/Date(1440636618000)/", "VMSID": 7, "Message": "LITTER PICKING,ALONG LANE 1"}
{"Distance": 0, "Latitude": 1.3329935561246726, "Attribute": "sst", "CreateDate": "/Date(1440608298463)/", "__metadata": {"type": "LTAModel.VMS", "uri": "http://datamall.mytransport.sg/LTAoDataService.svc/VMSSet(8)"}, "EquipmentID": "amvms_v6112", "Longitude": 103.7707567648829, "Summary": "Message: LITTER PICKING,ALONG LANE 1 Attribute: sst", "Date": "/Date(1440633832000)/", "VMSID": 8, "Message": "LITTER PICKING,ALONG LANE 1"}
{"Distance": 0, "Latitude": 1.3413899175157633, "Attribute": "sst", "CreateDate": "/Date(1440608298457)/", "__metadata": {"type": "LTAModel.VMS", "uri": "http://datamall.mytransport.sg/LTAoDataService.svc/VMSSet(9)"}, "EquipmentID": "amvms_v6114", "Longitude": 103.74886539380007, "Summary": "Message: LITTER PICKING,ALONG LANE 1 Attribute: sst", "Date": "/Date(1440633849000)/", "VMSID": 9, "Message": "LITTER PICKING,ALONG LANE 1"}
{"Distance": 0, "Latitude": 1.3344253381122249, "Attribute": "kpe", "CreateDate": "/Date(1440602345717)/", "__metadata": {"type": "LTAModel.VMS", "uri": "http://datamall.mytransport.sg/LTAoDataService.svc/VMSSet(10)"}, "EquipmentID": "VMS_0017", "Longitude": 103.89139722463786, "Summary": "Message: FOLLOW TRAFFIC SIGNS, Attribute: kpe", "Date": "/Date(1440627604000)/", "VMSID": 10, "Message": "FOLLOW TRAFFIC SIGNS,"}
{"Distance": 0, "Latitude": 1.3336850524956283, "Attribute": "kpe", "CreateDate": "/Date(1440608298247)/", "__metadata": {"type": "LTAModel.VMS", "uri": "http://datamall.mytransport.sg/LTAoDataService.svc/VMSSet(11)"}, "EquipmentID": "VMS_0015", "Longitude": 103.88994435264502, "Summary": "Message:  Attribute: kpe", "Date": "/Date(1440635691000)/", "VMSID": 11, "Message": ""}
{"Distance": 0, "Latitude": 1.3334340611946651, "Attribute": "kpe", "CreateDate": "/Date(1440608298253)/", "__metadata": {"type": "LTAModel.VMS", "uri": "http://datamall.mytransport.sg/LTAoDataService.svc/VMSSet(12)"}, "EquipmentID": "VMS_0013", "Longitude": 103.88949154180251, "Summary": "Message:  Attribute: kpe", "Date": "/Date(1440635691000)/", "VMSID": 12, "Message": ""}
{"Distance": 0, "Latitude": 1.2839649816298289, "Attribute": "sst", "CreateDate": "/Date(1438251567400)/", "__metadata": {"type": "LTAModel.VMS", "uri": "http://datamall.mytransport.sg/LTAoDataService.svc/VMSSet(13)"}, "EquipmentID": "amvms_v3196", "Longitude": 103.86158629999414, "Summary": "Message:  Attribute: sst", "Date": "/Date(1438276847000)/", "VMSID": 13, "Message": ""}
{"Distance": 0, "Latitude": 1.295427239140494, "Attribute": "sst", "CreateDate": "/Date(1438251567527)/", "__metadata": {"type": "LTAModel.VMS", "uri": "http://datamall.mytransport.sg/LTAoDataService.svc/VMSSet(14)"}, "EquipmentID": "amvms_v3194", "Longitude": 103.88162316237052, "Summary": "Message:  Attribute: sst", "Date": "/Date(1438276847000)/", "VMSID": 14, "Message": ""}
{"Distance": 0, "Latitude": 1.276478651300596, "Attribute": "sst", "CreateDate": "/Date(1438251568150)/", "__metadata": {"type": "LTAModel.VMS", "uri": "http://datamall.mytransport.sg/LTAoDataService.svc/VMSSet(15)"}, "EquipmentID": "amvms_v4101", "Longitude": 103.827746218204, "Summary": "Message:  Attribute: sst", "Date": "/Date(1438276847000)/", "VMSID": 15, "Message": ""}
{"Distance": 0, "Latitude": 1.2835514533468493, "Attribute": "sst", "CreateDate": "/Date(1438251567847)/", "__metadata": {"type": "LTAModel.VMS", "uri": "http://datamall.mytransport.sg/LTAoDataService.svc/VMSSet(16)"}, "EquipmentID": "amvms_v3197", "Longitude": 103.86111584283132, "Summary": "Message:  Attribute: sst", "Date": "/Date(1438276847000)/", "VMSID": 16, "Message": ""}
{"Distance": 0, "Latitude": 1.324903045932919, "Attribute": "kpe", "CreateDate": "/Date(1440608298327)/", "__metadata": {"type": "LTAModel.VMS", "uri": "http://datamall.mytransport.sg/LTAoDataService.svc/VMSSet(17)"}, "EquipmentID": "VMS_0016", "Longitude": 103.88446465388375, "Summary": "Message: AVOID LANE 3, Attribute: kpe", "Date": "/Date(1440635023000)/", "VMSID": 17, "Message": "AVOID LANE 3,"}
{"Distance": 0, "Latitude": 1.34990094614126, "Attribute": "kpe", "CreateDate": "/Date(1440608298333)/", "__metadata": {"type": "LTAModel.VMS", "uri": "http://datamall.mytransport.sg/LTAoDataService.svc/VMSSet(18)"}, "EquipmentID": "VMS_0022", "Longitude": 103.8988041965316, "Summary": "Message: AVOID LANE 2, Attribute: kpe", "Date": "/Date(1440634976000)/", "VMSID": 18, "Message": "AVOID LANE 2,"}
{"Distance": 0, "Latitude": 1.3515167479888983, "Attribute": "kpe", "CreateDate": "/Date(1440608298263)/", "__metadata": {"type": "LTAModel.VMS", "uri": "http://datamall.mytransport.sg/LTAoDataService.svc/VMSSet(19)"}, "EquipmentID": "VMS_0024", "Longitude": 103.89945650664951, "Summary": "Message: AFTER AIRPORT RD, Attribute: kpe", "Date": "/Date(1440635465000)/", "VMSID": 19, "Message": "AFTER AIRPORT RD,"}
{"Distance": 0, "Latitude": 1.326458907005531, "Attribute": "kpe", "CreateDate": "/Date(1440608298510)/", "__metadata": {"type": "LTAModel.VMS", "uri": "http://datamall.mytransport.sg/LTAoDataService.svc/VMSSet(20)"}, "EquipmentID": "VMS_0018", "Longitude": 103.88476594043914, "Summary": "Message: CLOSED 12MN-5AM, Attribute: kpe", "Date": "/Date(1440633566000)/", "VMSID": 20, "Message": "CLOSED 12MN-5AM,"}
{"Distance": 0, "Latitude": 1.327028333134867, "Attribute": "kpe", "CreateDate": "/Date(1440608298517)/", "__metadata": {"type": "LTAModel.VMS", "uri": "http://datamall.mytransport.sg/LTAoDataService.svc/VMSSet(21)"}, "EquipmentID": "VMS_0020", "Longitude": 103.88483225292622, "Summary": "Message: SIMS AVE EXIT, Attribute: kpe", "Date": "/Date(1440633532000)/", "VMSID": 21, "Message": "SIMS AVE EXIT,"}
{"Distance": 0, "Latitude": 1.334989415855738, "Attribute": "kpe", "CreateDate": "/Date(1440608298540)/", "__metadata": {"type": "LTAModel.VMS", "uri": "http://datamall.mytransport.sg/LTAoDataService.svc/VMSSet(22)"}, "EquipmentID": "EVMS_RS10", "Longitude": 103.89276633962893, "Summary": "Message: 12MN-5AM,SIMS AVE EXIT,ON KPE CLOSED Attribute: kpe", "Date": "/Date(1440633427000)/", "VMSID": 22, "Message": "12MN-5AM,SIMS AVE EXIT,ON KPE CLOSED"}
{"Distance": 0, "Latitude": 1.3301110226612654, "Attribute": "kpe", "CreateDate": "/Date(1440608298177)/", "__metadata": {"type": "LTAModel.VMS", "uri": "http://datamall.mytransport.sg/LTAoDataService.svc/VMSSet(23)"}, "EquipmentID": "VMS_0011", "Longitude": 103.88502947778606, "Summary": "Message: AVOID LANES 2 3, Attribute: kpe", "Date": "/Date(1440636555000)/", "VMSID": 23, "Message": "AVOID LANES 2 3,"}
{"Distance": 0, "Latitude": 1.3286101877895382, "Attribute": "kpe", "CreateDate": "/Date(1440608298210)/", "__metadata": {"type": "LTAModel.VMS", "uri": "http://datamall.mytransport.sg/LTAoDataService.svc/VMSSet(24)"}, "EquipmentID": "VMS_0009", "Longitude": 103.88485490857788, "Summary": "Message: AVOID LANES 2 3, Attribute: kpe", "Date": "/Date(1440635803000)/", "VMSID": 24, "Message": "AVOID LANES 2 3,"}
{"Distance": 0, "Latitude": 1.298145178874092, "Attribute": "sst", "CreateDate": "/Date(1438251567100)/", "__metadata": {"type": "LTAModel.VMS", "uri": "http://datamall.mytransport.sg/LTAoDataService.svc/VMSSet(25)"}, "EquipmentID": "amvms_v4112", "Longitude": 103.78144608870215, "Summary": "Message:  Attribute: sst", "Date": "/Date(1438276848000)/", "VMSID": 25, "Message": ""}
{"Distance": 0, "Latitude": 1.3280387399913405, "Attribute": "kpe", "CreateDate": "/Date(1440608298220)/", "__metadata": {"type": "LTAModel.VMS", "uri": "http://datamall.mytransport.sg/LTAoDataService.svc/VMSSet(26)"}, "EquipmentID": "VMS_0007", "Longitude": 103.88480886019256, "Summary": "Message: ROAD WORKS LN 2 3, Attribute: kpe", "Date": "/Date(1440635776000)/", "VMSID": 26, "Message": "ROAD WORKS LN 2 3,"}
{"Distance": 0, "Latitude": 1.3102202731653008, "Attribute": "kpe", "CreateDate": "/Date(1440608298363)/", "__metadata": {"type": "LTAModel.VMS", "uri": "http://datamall.mytransport.sg/LTAoDataService.svc/VMSSet(27)"}, "EquipmentID": "VMS_0005", "Longitude": 103.87555337786318, "Summary": "Message: AVOID LANES 2 3, Attribute: kpe", "Date": "/Date(1440634811000)/", "VMSID": 27, "Message": "AVOID LANES 2 3,"}
{"Distance": 0, "Latitude": 1.3082504701395163, "Attribute": "kpe", "CreateDate": "/Date(1440608298357)/", "__metadata": {"type": "LTAModel.VMS", "uri": "http://datamall.mytransport.sg/LTAoDataService.svc/VMSSet(28)"}, "EquipmentID": "VMS_0003", "Longitude": 103.87616021234084, "Summary": "Message: AFTER PIE, Attribute: kpe", "Date": "/Date(1440634811000)/", "VMSID": 28, "Message": "AFTER PIE,"}
{"Distance": 0, "Latitude": 1.3075798405563794, "Attribute": "kpe", "CreateDate": "/Date(1440608298350)/", "__metadata": {"type": "LTAModel.VMS", "uri": "http://datamall.mytransport.sg/LTAoDataService.svc/VMSSet(29)"}, "EquipmentID": "VMS_0001", "Longitude": 103.87641719273084, "Summary": "Message: ROAD WORKS LN 2 3, Attribute: kpe", "Date": "/Date(1440634821000)/", "VMSID": 29, "Message": "ROAD WORKS LN 2 3,"}
{"Distance": 0, "Latitude": 1.324836347934202, "Attribute": "kpe", "CreateDate": "/Date(1440608298393)/", "__metadata": {"type": "LTAModel.VMS", "uri": "http://datamall.mytransport.sg/LTAoDataService.svc/VMSSet(30)"}, "EquipmentID": "EVMS_RQ10", "Longitude": 103.8720338832313, "Summary": "Message: ROAD WORKS,KPE(TPE) LN 2 3,DRIVE WITH CARE Attribute: kpe", "Date": "/Date(1440634698000)/", "VMSID": 30, "Message": "ROAD WORKS,KPE(TPE) LN 2 3,DRIVE WITH CARE"}
{"Distance": 0, "Latitude": 1.3144430376179737, "Attribute": "kpe", "CreateDate": "/Date(1440608298397)/", "__metadata": {"type": "LTAModel.VMS", "uri": "http://datamall.mytransport.sg/LTAoDataService.svc/VMSSet(31)"}, "EquipmentID": "EVMS_RG10", "Longitude": 103.87474391989932, "Summary": "Message: ROAD WORKS,KPE(TPE) LN 2 3,DRIVE WITH CARE Attribute: kpe", "Date": "/Date(1440634693000)/", "VMSID": 31, "Message": "ROAD WORKS,KPE(TPE) LN 2 3,DRIVE WITH CARE"}
{"Distance": 0, "Latitude": 1.3067507816612909, "Attribute": "kpe", "CreateDate": "/Date(1440608298387)/", "__metadata": {"type": "LTAModel.VMS", "uri": "http://datamall.mytransport.sg/LTAoDataService.svc/VMSSet(32)"}, "EquipmentID": "EVMS_RF10", "Longitude": 103.8730312947188, "Summary": "Message: ROAD WORKS,KPE(TPE) LN 2 3,AFTER PIE Attribute: kpe", "Date": "/Date(1440634754000)/", "VMSID": 32, "Message": "ROAD WORKS,KPE(TPE) LN 2 3,AFTER PIE"}
{"Distance": 0, "Latitude": 1.40106950008028, "Attribute": "sst", "CreateDate": "/Date(1440608298340)/", "__metadata": {"type": "LTAModel.VMS", "uri": "http://datamall.mytransport.sg/LTAoDataService.svc/VMSSet(33)"}, "EquipmentID": "amvms_v7199", "Longitude": 103.8628019026386, "Summary": "Message: 12MN-5AM/12MN-5AM,SIMS AVE EXIT/ON KPE CLOSED Attribute: sst", "Date": "/Date(1440634929000)/", "VMSID": 33, "Message": "12MN-5AM/12MN-5AM,SIMS AVE EXIT/ON KPE CLOSED"}
{"Distance": 0, "Latitude": 1.3955869718313738, "Attribute": "ssl", "CreateDate": "/Date(1440601444483)/", "__metadata": {"type": "LTAModel.VMS", "uri": "http://datamall.mytransport.sg/LTAoDataService.svc/VMSSet(34)"}, "EquipmentID": "aattd_v7396", "Longitude": 103.90270818257062, "Summary": "Message:  Attribute: ssl", "Date": "/Date(1440626569000)/", "VMSID": 34, "Message": ""}
{"Distance": 0, "Latitude": 1.399432854889908, "Attribute": "ssl", "CreateDate": "/Date(1440601444490)/", "__metadata": {"type": "LTAModel.VMS", "uri": "http://datamall.mytransport.sg/LTAoDataService.svc/VMSSet(35)"}, "EquipmentID": "aattd_v7399", "Longitude": 103.90495439163972, "Summary": "Message:  Attribute: ssl", "Date": "/Date(1440626566000)/", "VMSID": 35, "Message": ""}
{"Distance": 0, "Latitude": 1.3965000036613364, "Attribute": "ssl", "CreateDate": "/Date(1440601444463)/", "__metadata": {"type": "LTAModel.VMS", "uri": "http://datamall.mytransport.sg/LTAoDataService.svc/VMSSet(36)"}, "EquipmentID": "aattd_v7386", "Longitude": 103.89468999841785, "Summary": "Message:  Attribute: ssl", "Date": "/Date(1440626569000)/", "VMSID": 36, "Message": ""}
{"Distance": 0, "Latitude": 1.3785819397561758, "Attribute": "kpe", "CreateDate": "/Date(1440608298283)/", "__metadata": {"type": "LTAModel.VMS", "uri": "http://datamall.mytransport.sg/LTAoDataService.svc/VMSSet(37)"}, "EquipmentID": "TID_0006", "Longitude": 103.91364779125588, "Summary": "Message: 12MN-5AM,SIMS AVE,EXIT CLOSED Attribute: kpe", "Date": "/Date(1440635321000)/", "VMSID": 37, "Message": "12MN-5AM,SIMS AVE,EXIT CLOSED"}
{"Distance": 0, "Latitude": 1.2875806057746741, "Attribute": "ssl", "CreateDate": "/Date(1414862203160)/", "__metadata": {"type": "LTAModel.VMS", "uri": "http://datamall.mytransport.sg/LTAoDataService.svc/VMSSet(38)"}, "EquipmentID": "aattd_v1331", "Longitude": 103.84549618606604, "Summary": "Message:  Attribute: ssl", "Date": "/Date(1414883603000)/", "VMSID": 38, "Message": ""}
{"Distance": 0, "Latitude": 1.3769391685994972, "Attribute": "ssl", "CreateDate": "/Date(1440608298423)/", "__metadata": {"type": "LTAModel.VMS", "uri": "http://datamall.mytransport.sg/LTAoDataService.svc/VMSSet(39)"}, "EquipmentID": "aattd_v2302", "Longitude": 103.7736249364702, "Summary": "Message: ROAD WORKS/BKE(PIE) Attribute: ssl", "Date": "/Date(1440634034000)/", "VMSID": 39, "Message": "ROAD WORKS/BKE(PIE)"}
{"Distance": 0, "Latitude": 1.3089509948178313, "Attribute": "kpe", "CreateDate": "/Date(1440608298233)/", "__metadata": {"type": "LTAModel.VMS", "uri": "http://datamall.mytransport.sg/LTAoDataService.svc/VMSSet(40)"}, "EquipmentID": "AVMS_0005", "Longitude": 103.87598280054058, "Summary": "Message:  Attribute: kpe", "Date": "/Date(1440635694000)/", "VMSID": 40, "Message": ""}
{"Distance": 0, "Latitude": 1.3425188741917116, "Attribute": "sst", "CreateDate": "/Date(1438251567950)/", "__metadata": {"type": "LTAModel.VMS", "uri": "http://datamall.mytransport.sg/LTAoDataService.svc/VMSSet(41)"}, "EquipmentID": "amvms_v3180", "Longitude": 103.98253844129935, "Summary": "Message:  Attribute: sst", "Date": "/Date(1438276847000)/", "VMSID": 41, "Message": ""}
{"Distance": 0, "Latitude": 1.3147171033705087, "Attribute": "kpe", "CreateDate": "/Date(1440608298277)/", "__metadata": {"type": "LTAModel.VMS", "uri": "http://datamall.mytransport.sg/LTAoDataService.svc/VMSSet(42)"}, "EquipmentID": "VMS_0008", "Longitude": 103.87485742475884, "Summary": "Message: AVOID LANE 3, Attribute: kpe", "Date": "/Date(1440635333000)/", "VMSID": 42, "Message": "AVOID LANE 3,"}
{"Distance": 0, "Latitude": 1.4007915860583875, "Attribute": "sst", "CreateDate": "/Date(1440598560737)/", "__metadata": {"type": "LTAModel.VMS", "uri": "http://datamall.mytransport.sg/LTAoDataService.svc/VMSSet(43)"}, "EquipmentID": "amvms_v7198", "Longitude": 103.86489339076807, "Summary": "Message: , Attribute: sst", "Date": "/Date(1440623807000)/", "VMSID": 43, "Message": ","}
{"Distance": 0, "Latitude": 1.3774802873879757, "Attribute": "sst", "CreateDate": "/Date(1440608298503)/", "__metadata": {"type": "LTAModel.VMS", "uri": "http://datamall.mytransport.sg/LTAoDataService.svc/VMSSet(44)"}, "EquipmentID": "amvms_v7192", "Longitude": 103.92684139800237, "Summary": "Message: YIO CHU KANG EXIT,CLOSED 12MN-5AM Attribute: sst", "Date": "/Date(1440633623000)/", "VMSID": 44, "Message": "YIO CHU KANG EXIT,CLOSED 12MN-5AM"}
{"Distance": 0, "Latitude": 1.401170739261689, "Attribute": "sst", "CreateDate": "/Date(1440608298490)/", "__metadata": {"type": "LTAModel.VMS", "uri": "http://datamall.mytransport.sg/LTAoDataService.svc/VMSSet(45)"}, "EquipmentID": "amvms_v7196", "Longitude": 103.88326417303008, "Summary": "Message: YIO CHU KANG EXIT,CLOSED 12MN-5AM Attribute: sst", "Date": "/Date(1440633625000)/", "VMSID": 45, "Message": "YIO CHU KANG EXIT,CLOSED 12MN-5AM"}
{"Distance": 0, "Latitude": 1.3927285797778437, "Attribute": "sst", "CreateDate": "/Date(1440608298497)/", "__metadata": {"type": "LTAModel.VMS", "uri": "http://datamall.mytransport.sg/LTAoDataService.svc/VMSSet(46)"}, "EquipmentID": "amvms_v7194", "Longitude": 103.9081845855732, "Summary": "Message: YIO CHU KANG EXIT,CLOSED 12MN-5AM Attribute: sst", "Date": "/Date(1440633624000)/", "VMSID": 46, "Message": "YIO CHU KANG EXIT,CLOSED 12MN-5AM"}
{"Distance": 0, "Latitude": 1.372665271382998, "Attribute": "sst", "CreateDate": "/Date(1440608298370)/", "__metadata": {"type": "LTAModel.VMS", "uri": "http://datamall.mytransport.sg/LTAoDataService.svc/VMSSet(47)"}, "EquipmentID": "amvms_v7190", "Longitude": 103.93768213506192, "Summary": "Message: 12MN-5AM/12MN-5AM,SIMS AVE EXIT/ON KPE CLOSED Attribute: sst", "Date": "/Date(1440634793000)/", "VMSID": 47, "Message": "12MN-5AM/12MN-5AM,SIMS AVE EXIT/ON KPE CLOSED"}
{"Distance": 0, "Latitude": 1.3650919719297858, "Attribute": "sst", "CreateDate": "/Date(1440608298377)/", "__metadata": {"type": "LTAModel.VMS", "uri": "http://datamall.mytransport.sg/LTAoDataService.svc/VMSSet(48)"}, "EquipmentID": "amvms_v7188", "Longitude": 103.95424121852798, "Summary": "Message: 12MN-5AM/12MN-5AM,SIMS AVE EXIT/ON KPE CLOSED Attribute: sst", "Date": "/Date(1440634792000)/", "VMSID": 48, "Message": "12MN-5AM/12MN-5AM,SIMS AVE EXIT/ON KPE CLOSED"}
{"Distance": 0, "Latitude": 1.3924853841365683, "Attribute": "sst", "CreateDate": "/Date(1440608298347)/", "__metadata": {"type": "LTAModel.VMS", "uri": "http://datamall.mytransport.sg/LTAoDataService.svc/VMSSet(49)"}, "EquipmentID": "amvms_v7195", "Longitude": 103.90885088793502, "Summary": "Message: 12MN-5AM/12MN-5AM,SIMS AVE EXIT/ON KPE CLOSED Attribute: sst", "Date": "/Date(1440634843000)/", "VMSID": 49, "Message": "12MN-5AM/12MN-5AM,SIMS AVE EXIT/ON KPE CLOSED"}
{"Distance": 0, "Latitude": 1.378439758445691, "Attribute": "sst", "CreateDate": "/Date(1440608298410)/", "__metadata": {"type": "LTAModel.VMS", "uri": "http://datamall.mytransport.sg/LTAoDataService.svc/VMSSet(50)"}, "EquipmentID": "amvms_v7193", "Longitude": 103.924787381573, "Summary": "Message: , Attribute: sst", "Date": "/Date(1440634500000)/", "VMSID": 50, "Message": ","}
{"Distance": 0, "Latitude": 1.3739915281147437, "Attribute": "sst", "CreateDate": "/Date(1440608298403)/", "__metadata": {"type": "LTAModel.VMS", "uri": "http://datamall.mytransport.sg/LTAoDataService.svc/VMSSet(51)"}, "EquipmentID": "amvms_v7191", "Longitude": 103.93609214972456, "Summary": "Message: , Attribute: sst", "Date": "/Date(1440634500000)/", "VMSID": 51, "Message": ","}
{"Distance": 0, "Latitude": 1.36588161527801, "Attribute": "sst", "CreateDate": "/Date(1440590449020)/", "__metadata": {"type": "LTAModel.VMS", "uri": "http://datamall.mytransport.sg/LTAoDataService.svc/VMSSet(52)"}, "EquipmentID": "amvms_v7189", "Longitude": 103.95263443973802, "Summary": "Message: ECP,PLS KEEP RIGHT Attribute: sst", "Date": "/Date(1440615547000)/", "VMSID": 52, "Message": "ECP,PLS KEEP RIGHT"}
{"Distance": 0, "Latitude": 1.3109524876410485, "Attribute": "sst", "CreateDate": "/Date(1438251565710)/", "__metadata": {"type": "LTAModel.VMS", "uri": "http://datamall.mytransport.sg/LTAoDataService.svc/VMSSet(53)"}, "EquipmentID": "abted_vs22", "Longitude": 103.84450670798488, "Summary": "Message:  Attribute: sst", "Date": "/Date(1438276850000)/", "VMSID": 53, "Message": ""}
{"Distance": 0, "Latitude": 1.3109692294173174, "Attribute": "sst", "CreateDate": "/Date(1438251565763)/", "__metadata": {"type": "LTAModel.VMS", "uri": "http://datamall.mytransport.sg/LTAoDataService.svc/VMSSet(54)"}, "EquipmentID": "abted_vs21", "Longitude": 103.84446726086423, "Summary": "Message:  Attribute: sst", "Date": "/Date(1438276850000)/", "VMSID": 54, "Message": ""}
{"Distance": 0, "Latitude": 1.3162495085038488, "Attribute": "sst", "CreateDate": "/Date(1439780745767)/", "__metadata": {"type": "LTAModel.VMS", "uri": "http://datamall.mytransport.sg/LTAoDataService.svc/VMSSet(55)"}, "EquipmentID": "antmd_vs10", "Longitude": 103.84743620920314, "Summary": "Message: 5 JUL 10AM-11:30PM/REPUBLIC BLVD,NDP REHEARSAL/TWDS CITY CLOSED Attribute: sst", "Date": "/Date(1439805983000)/", "VMSID": 55, "Message": "5 JUL 10AM-11:30PM/REPUBLIC BLVD,NDP REHEARSAL/TWDS CITY CLOSED"}
{"Distance": 0, "Latitude": 1.3134079922850963, "Attribute": "sst", "CreateDate": "/Date(1439780745760)/", "__metadata": {"type": "LTAModel.VMS", "uri": "http://datamall.mytransport.sg/LTAoDataService.svc/VMSSet(56)"}, "EquipmentID": "antmd_vs15", "Longitude": 103.84531616035832, "Summary": "Message: USE SOS PHONE,FOR HELP Attribute: sst", "Date": "/Date(1439805983000)/", "VMSID": 56, "Message": "USE SOS PHONE,FOR HELP"}
{"Distance": 0, "Latitude": 1.3289726081037034, "Attribute": "sst", "CreateDate": "/Date(1440608298290)/", "__metadata": {"type": "LTAModel.VMS", "uri": "http://datamall.mytransport.sg/LTAoDataService.svc/VMSSet(57)"}, "EquipmentID": "amvms_v6105", "Longitude": 103.8239236264998, "Summary": "Message: ROAD WORKS LN 1,AFT CTE(SLE) Attribute: sst", "Date": "/Date(1440635309000)/", "VMSID": 57, "Message": "ROAD WORKS LN 1,AFT CTE(SLE)"}
{"Distance": 0, "Latitude": 1.3570224594910252, "Attribute": "kpe", "CreateDate": "/Date(1440608298203)/", "__metadata": {"type": "LTAModel.VMS", "uri": "http://datamall.mytransport.sg/LTAoDataService.svc/VMSSet(58)"}, "EquipmentID": "TID_0002", "Longitude": 103.902040829922, "Summary": "Message: 12MN-5AM,SIMS AVE,EXIT CLOSED Attribute: kpe", "Date": "/Date(1440635886000)/", "VMSID": 58, "Message": "12MN-5AM,SIMS AVE,EXIT CLOSED"}
{"Distance": 0, "Latitude": 1.3365650649993326, "Attribute": "sst", "CreateDate": "/Date(1440608298447)/", "__metadata": {"type": "LTAModel.VMS", "uri": "http://datamall.mytransport.sg/LTAoDataService.svc/VMSSet(59)"}, "EquipmentID": "amvms_v5190", "Longitude": 103.9412478693387, "Summary": "Message: ROAD SWEEPING,ALONG LANE 1 Attribute: sst", "Date": "/Date(1440633881000)/", "VMSID": 59, "Message": "ROAD SWEEPING,ALONG LANE 1"}
{"Distance": 0, "Latitude": 1.3351454355002013, "Attribute": "sst", "CreateDate": "/Date(1440608298193)/", "__metadata": {"type": "LTAModel.VMS", "uri": "http://datamall.mytransport.sg/LTAoDataService.svc/VMSSet(60)"}, "EquipmentID": "amvms_v5192", "Longitude": 103.93326221248113, "Summary": "Message: ROAD SWEEPING,ALONG LANE 1 Attribute: sst", "Date": "/Date(1440636088000)/", "VMSID": 60, "Message": "ROAD SWEEPING,ALONG LANE 1"}
{"Distance": 0, "Latitude": 1.3244034537497549, "Attribute": "sst", "CreateDate": "/Date(1440608298320)/", "__metadata": {"type": "LTAModel.VMS", "uri": "http://datamall.mytransport.sg/LTAoDataService.svc/VMSSet(61)"}, "EquipmentID": "amvms_v5196", "Longitude": 103.89884850706756, "Summary": "Message: ROAD WORKS LN 3,AFT THOMSON Attribute: sst", "Date": "/Date(1440635128000)/", "VMSID": 61, "Message": "ROAD WORKS LN 3,AFT THOMSON"}
{"Distance": 0, "Latitude": 1.3298746360098923, "Attribute": "sst", "CreateDate": "/Date(1440608298310)/", "__metadata": {"type": "LTAModel.VMS", "uri": "http://datamall.mytransport.sg/LTAoDataService.svc/VMSSet(62)"}, "EquipmentID": "amvms_v6101", "Longitude": 103.84877220569123, "Summary": "Message: ROAD WORKS LN 1,AFT CTE(SLE) Attribute: sst", "Date": "/Date(1440635306000)/", "VMSID": 62, "Message": "ROAD WORKS LN 1,AFT CTE(SLE)"}
{"Distance": 0, "Latitude": 1.3260898703670134, "Attribute": "sst", "CreateDate": "/Date(1440608298303)/", "__metadata": {"type": "LTAModel.VMS", "uri": "http://datamall.mytransport.sg/LTAoDataService.svc/VMSSet(63)"}, "EquipmentID": "amvms_v6103", "Longitude": 103.83183204044164, "Summary": "Message: ROAD WORKS LN 1,AFT CTE(SLE) Attribute: sst", "Date": "/Date(1440635306000)/", "VMSID": 63, "Message": "ROAD WORKS LN 1,AFT CTE(SLE)"}
