{"Distance": 0, "Latitude": 1.3520126023225627, "Attribute": "kpe", "CreateDate": "/Date(1440689665900)/", "__metadata": {"type": "LTAModel.VMS", "uri": "http://datamall.mytransport.sg/LTAoDataService.svc/VMSSet(1)"}, "EquipmentID": "VMS_0026", "Longitude": 103.8996617438024, "Summary": "Message: AIRPORT RD EXIT, Attribute: kpe", "Date": "/Date(1440714998000)/", "VMSID": 1, "Message": "AIRPORT RD EXIT,"}
{"Distance": 0, "Latitude": 1.2949469391706112, "Attribute": "st", "CreateDate": "/Date(1440696899100)/", "__metadata": {"type": "LTAModel.VMS", "uri": "http://datamall.mytransport.sg/LTAoDataService.svc/VMSSet(2)"}, "EquipmentID": "TMD_00_00001", "Longitude": 103.84958118986744, "Summary": "Message: ROAD|WORKS|ON LN 2 and 3 Attribute: st", "Date": "/Date(1440722020000)/", "VMSID": 2, "Message": "ROAD|WORKS|ON LN 2 and 3"}
{"Distance": 0, "Latitude": 1.2934851009043578, "Attribute": "st", "CreateDate": "/Date(1440696899110)/", "__metadata": {"type": "LTAModel.VMS", "uri": "http://datamall.mytransport.sg/LTAoDataService.svc/VMSSet(3)"}, "EquipmentID": "AVMS_00_00001", "Longitude": 103.8499177189426, "Summary": "Message: ROAD|WORKS|FCT LN 2 and 3 Attribute: st", "Date": "/Date(1440722018000)/", "VMSID": 3, "Message": "ROAD|WORKS|FCT LN 2 and 3"}
{"Distance": 0, "Latitude": 1.2936388891398625, "Attribute": "st", "CreateDate": "/Date(1440696899127)/", "__metadata": {"type": "LTAModel.VMS", "uri": "http://datamall.mytransport.sg/LTAoDataService.svc/VMSSet(4)"}, "EquipmentID": "AVMS_00_00002", "Longitude": 103.84891014713229, "Summary": "Message: ROAD|WORKS|FCT LN 2 and 3 Attribute: st", "Date": "/Date(1440722018000)/", "VMSID": 4, "Message": "ROAD|WORKS|FCT LN 2 and 3"}
{"Distance": 0, "Latitude": 1.3170678578239643, "Attribute": "kpe", "CreateDate": "/Date(1440695094747)/", "__metadata": {"type": "LTAModel.VMS", "uri": "http://datamall.mytransport.sg/LTAoDataService.svc/VMSSet(5)"}, "EquipmentID": "AVMS_0007", "Longitude": 103.87474047949917, "Summary": "Message: DO NOT STOP,VEHICLE,IN TUNNEL Attribute: kpe", "Date": "/Date(1440720265000)/", "VMSID": 5, "Message": "DO NOT STOP,VEHICLE,IN TUNNEL"}
{"Distance": 0, "Latitude": 1.3551723583430682, "Attribute": "sst", "CreateDate": "/Date(1440663702957)/", "__metadata": {"type": "LTAModel.VMS", "uri": "http://datamall.mytransport.sg/LTAoDataService.svc/VMSSet(6)"}, "EquipmentID": "amvms_v6118", "Longitude": 103.72343164507616, "Summary": "Message: , Attribute: sst", "Date": "/Date(1440688857000)/", "VMSID": 6, "Message": ","}
{"Distance": 0, "Latitude": 1.3595061969912057, "Attribute": "sst", "CreateDate": "/Date(1440641126790)/", "__metadata": {"type": "LTAModel.VMS", "uri": "http://datamall.mytransport.sg/LTAoDataService.svc/VMSSet(7)"}, "EquipmentID": "amvms_v6124", "Longitude": 103.70211326843304, "Summary": "Message: , Attribute: sst", "Date": "/Date(1440666333000)/", "VMSID": 7, "Message": ","}
{"Distance": 0, "Latitude": 1.3329935561246726, "Attribute": "sst", "CreateDate": "/Date(1440674342533)/", "__metadata": {"type": "LTAModel.VMS", "uri": "http://datamall.mytransport.sg/LTAoDataService.svc/VMSSet(8)"}, "EquipmentID": "amvms_v6112", "Longitude": 103.7707567648829, "Summary": "Message: , Attribute: sst", "Date": "/Date(1440699561000)/", "VMSID": 8, "Message": ","}
{"Distance": 0, "Latitude": 1.3413899175157633, "Attribute": "sst", "CreateDate": "/Date(1440663883390)/", "__metadata": {"type": "LTAModel.VMS", "uri": "http://datamall.mytransport.sg/LTAoDataService.svc/VMSSet(9)"}, "EquipmentID": "amvms_v6114", "Longitude": 103.74886539380007, "Summary": "Message: , Attribute: sst", "Date": "/Date(1440689060000)/", "VMSID": 9, "Message": ","}
{"Distance": 0, "Latitude": 1.3344253381122249, "Attribute": "kpe", "CreateDate": "/Date(1440687864160)/", "__metadata": {"type": "LTAModel.VMS", "uri": "http://datamall.mytransport.sg/LTAoDataService.svc/VMSSet(10)"}, "EquipmentID": "VMS_0017", "Longitude": 103.89139722463786, "Summary": "Message: FOLLOW TRAFFIC SIGNS, Attribute: kpe", "Date": "/Date(1440713045000)/", "VMSID": 10, "Message": "FOLLOW TRAFFIC SIGNS,"}
{"Distance": 0, "Latitude": 1.3336850524956283, "Attribute": "kpe", "CreateDate": "/Date(1440697980853)/", "__metadata": {"type": "LTAModel.VMS", "uri": "http://datamall.mytransport.sg/LTAoDataService.svc/VMSSet(11)"}, "EquipmentID": "VMS_0015", "Longitude": 103.88994435264502, "Summary": "Message: TURN ON LOCAL RADIO, Attribute: kpe", "Date": "/Date(1440723031000)/", "VMSID": 11, "Message": "TURN ON LOCAL RADIO,"}
{"Distance": 0, "Latitude": 1.3334340611946651, "Attribute": "kpe", "CreateDate": "/Date(1440694734220)/", "__metadata": {"type": "LTAModel.VMS", "uri": "http://datamall.mytransport.sg/LTAoDataService.svc/VMSSet(12)"}, "EquipmentID": "VMS_0013", "Longitude": 103.88949154180251, "Summary": "Message: SPEED CAMERA AHEAD, Attribute: kpe", "Date": "/Date(1440719946000)/", "VMSID": 12, "Message": "SPEED CAMERA AHEAD,"}
{"Distance": 0, "Latitude": 1.2839649816298289, "Attribute": "sst", "CreateDate": "/Date(1438251567400)/", "__metadata": {"type": "LTAModel.VMS", "uri": "http://datamall.mytransport.sg/LTAoDataService.svc/VMSSet(13)"}, "EquipmentID": "amvms_v3196", "Longitude": 103.86158629999414, "Summary": "Message:  Attribute: sst", "Date": "/Date(1438276847000)/", "VMSID": 13, "Message": ""}
{"Distance": 0, "Latitude": 1.295427239140494, "Attribute": "sst", "CreateDate": "/Date(1438251567527)/", "__metadata": {"type": "LTAModel.VMS", "uri": "http://datamall.mytransport.sg/LTAoDataService.svc/VMSSet(14)"}, "EquipmentID": "amvms_v3194", "Longitude": 103.88162316237052, "Summary": "Message:  Attribute: sst", "Date": "/Date(1438276847000)/", "VMSID": 14, "Message": ""}
{"Distance": 0, "Latitude": 1.276478651300596, "Attribute": "sst", "CreateDate": "/Date(1438251568150)/", "__metadata": {"type": "LTAModel.VMS", "uri": "http://datamall.mytransport.sg/LTAoDataService.svc/VMSSet(15)"}, "EquipmentID": "amvms_v4101", "Longitude": 103.827746218204, "Summary": "Message:  Attribute: sst", "Date": "/Date(1438276847000)/", "VMSID": 15, "Message": ""}
{"Distance": 0, "Latitude": 1.2835514533468493, "Attribute": "sst", "CreateDate": "/Date(1438251567847)/", "__metadata": {"type": "LTAModel.VMS", "uri": "http://datamall.mytransport.sg/LTAoDataService.svc/VMSSet(16)"}, "EquipmentID": "amvms_v3197", "Longitude": 103.86111584283132, "Summary": "Message:  Attribute: sst", "Date": "/Date(1438276847000)/", "VMSID": 16, "Message": ""}
{"Distance": 0, "Latitude": 1.324903045932919, "Attribute": "kpe", "CreateDate": "/Date(1440688945140)/", "__metadata": {"type": "LTAModel.VMS", "uri": "http://datamall.mytransport.sg/LTAoDataService.svc/VMSSet(17)"}, "EquipmentID": "VMS_0016", "Longitude": 103.88446465388375, "Summary": "Message: TVMS_USE_SOS_PHONE_FOR_HELP Attribute: kpe", "Date": "/Date(1440714175000)/", "VMSID": 17, "Message": "TVMS_USE_SOS_PHONE_FOR_HELP"}
{"Distance": 0, "Latitude": 1.34990094614126, "Attribute": "kpe", "CreateDate": "/Date(1440695275187)/", "__metadata": {"type": "LTAModel.VMS", "uri": "http://datamall.mytransport.sg/LTAoDataService.svc/VMSSet(18)"}, "EquipmentID": "VMS_0022", "Longitude": 103.8988041965316, "Summary": "Message: EXIT AHEAD CLOSED, Attribute: kpe", "Date": "/Date(1440720505000)/", "VMSID": 18, "Message": "EXIT AHEAD CLOSED,"}
{"Distance": 0, "Latitude": 1.3515167479888983, "Attribute": "kpe", "CreateDate": "/Date(1440695275190)/", "__metadata": {"type": "LTAModel.VMS", "uri": "http://datamall.mytransport.sg/LTAoDataService.svc/VMSSet(19)"}, "EquipmentID": "VMS_0024", "Longitude": 103.89945650664951, "Summary": "Message: CLOSED 12MN-5AM, Attribute: kpe", "Date": "/Date(1440720482000)/", "VMSID": 19, "Message": "CLOSED 12MN-5AM,"}
{"Distance": 0, "Latitude": 1.326458907005531, "Attribute": "kpe", "CreateDate": "/Date(1440695997510)/", "__metadata": {"type": "LTAModel.VMS", "uri": "http://datamall.mytransport.sg/LTAoDataService.svc/VMSSet(20)"}, "EquipmentID": "VMS_0018", "Longitude": 103.88476594043914, "Summary": "Message: AT SHEARES AVE EXIT, Attribute: kpe", "Date": "/Date(1440721336000)/", "VMSID": 20, "Message": "AT SHEARES AVE EXIT,"}
{"Distance": 0, "Latitude": 1.327028333134867, "Attribute": "kpe", "CreateDate": "/Date(1440698882343)/", "__metadata": {"type": "LTAModel.VMS", "uri": "http://datamall.mytransport.sg/LTAoDataService.svc/VMSSet(21)"}, "EquipmentID": "VMS_0020", "Longitude": 103.88483225292622, "Summary": "Message: ROAD WORKS, Attribute: kpe", "Date": "/Date(1440725141000)/", "VMSID": 21, "Message": "ROAD WORKS,"}
{"Distance": 0, "Latitude": 1.334989415855738, "Attribute": "kpe", "CreateDate": "/Date(1440696177797)/", "__metadata": {"type": "LTAModel.VMS", "uri": "http://datamall.mytransport.sg/LTAoDataService.svc/VMSSet(22)"}, "EquipmentID": "EVMS_RS10", "Longitude": 103.89276633962893, "Summary": "Message: ROAD WORKS,KPE(ECP),AT SHEARES EXIT Attribute: kpe", "Date": "/Date(1440721512000)/", "VMSID": 22, "Message": "ROAD WORKS,KPE(ECP),AT SHEARES EXIT"}
{"Distance": 0, "Latitude": 1.3301110226612654, "Attribute": "kpe", "CreateDate": "/Date(1440698882290)/", "__metadata": {"type": "LTAModel.VMS", "uri": "http://datamall.mytransport.sg/LTAoDataService.svc/VMSSet(23)"}, "EquipmentID": "VMS_0011", "Longitude": 103.88502947778606, "Summary": "Message: DRIVE WITH CARE, Attribute: kpe", "Date": "/Date(1440725924000)/", "VMSID": 23, "Message": "DRIVE WITH CARE,"}
{"Distance": 0, "Latitude": 1.3286101877895382, "Attribute": "kpe", "CreateDate": "/Date(1440698882297)/", "__metadata": {"type": "LTAModel.VMS", "uri": "http://datamall.mytransport.sg/LTAoDataService.svc/VMSSet(24)"}, "EquipmentID": "VMS_0009", "Longitude": 103.88485490857788, "Summary": "Message: HEAVY VEHS KEEP LEFT, Attribute: kpe", "Date": "/Date(1440725913000)/", "VMSID": 24, "Message": "HEAVY VEHS KEEP LEFT,"}
{"Distance": 0, "Latitude": 1.298145178874092, "Attribute": "sst", "CreateDate": "/Date(1438251567100)/", "__metadata": {"type": "LTAModel.VMS", "uri": "http://datamall.mytransport.sg/LTAoDataService.svc/VMSSet(25)"}, "EquipmentID": "amvms_v4112", "Longitude": 103.78144608870215, "Summary": "Message:  Attribute: sst", "Date": "/Date(1438276848000)/", "VMSID": 25, "Message": ""}
{"Distance": 0, "Latitude": 1.3280387399913405, "Attribute": "kpe", "CreateDate": "/Date(1440698882303)/", "__metadata": {"type": "LTAModel.VMS", "uri": "http://datamall.mytransport.sg/LTAoDataService.svc/VMSSet(26)"}, "EquipmentID": "VMS_0007", "Longitude": 103.88480886019256, "Summary": "Message: SPEED CAMERA AHEAD, Attribute: kpe", "Date": "/Date(1440725913000)/", "VMSID": 26, "Message": "SPEED CAMERA AHEAD,"}
{"Distance": 0, "Latitude": 1.3102202731653008, "Attribute": "kpe", "CreateDate": "/Date(1440698882427)/", "__metadata": {"type": "LTAModel.VMS", "uri": "http://datamall.mytransport.sg/LTAoDataService.svc/VMSSet(27)"}, "EquipmentID": "VMS_0005", "Longitude": 103.87555337786318, "Summary": "Message: DO NOT TAILGATE, Attribute: kpe", "Date": "/Date(1440723996000)/", "VMSID": 27, "Message": "DO NOT TAILGATE,"}
{"Distance": 0, "Latitude": 1.3082504701395163, "Attribute": "kpe", "CreateDate": "/Date(1440698882227)/", "__metadata": {"type": "LTAModel.VMS", "uri": "http://datamall.mytransport.sg/LTAoDataService.svc/VMSSet(28)"}, "EquipmentID": "VMS_0003", "Longitude": 103.87616021234084, "Summary": "Message: TVMS_USE_SOS_PHONE_FOR_HELP Attribute: kpe", "Date": "/Date(1440726349000)/", "VMSID": 28, "Message": "TVMS_USE_SOS_PHONE_FOR_HELP"}
{"Distance": 0, "Latitude": 1.3075798405563794, "Attribute": "kpe", "CreateDate": "/Date(1440698882253)/", "__metadata": {"type": "LTAModel.VMS", "uri": "http://datamall.mytransport.sg/LTAoDataService.svc/VMSSet(29)"}, "EquipmentID": "VMS_0001", "Longitude": 103.87641719273084, "Summary": "Message: TURN ON LOCAL RADIO, Attribute: kpe", "Date": "/Date(1440726309000)/", "VMSID": 29, "Message": "TURN ON LOCAL RADIO,"}
{"Distance": 0, "Latitude": 1.324836347934202, "Attribute": "kpe", "CreateDate": "/Date(1440698882260)/", "__metadata": {"type": "LTAModel.VMS", "uri": "http://datamall.mytransport.sg/LTAoDataService.svc/VMSSet(30)"}, "EquipmentID": "EVMS_RQ10", "Longitude": 103.8720338832313, "Summary": "Message:  Attribute: kpe", "Date": "/Date(1440726286000)/", "VMSID": 30, "Message": ""}
{"Distance": 0, "Latitude": 1.3144430376179737, "Attribute": "kpe", "CreateDate": "/Date(1440698882283)/", "__metadata": {"type": "LTAModel.VMS", "uri": "http://datamall.mytransport.sg/LTAoDataService.svc/VMSSet(31)"}, "EquipmentID": "EVMS_RG10", "Longitude": 103.87474391989932, "Summary": "Message: USE SOS PHONES,FOR HELP,IN TUNNEL Attribute: kpe", "Date": "/Date(1440726274000)/", "VMSID": 31, "Message": "USE SOS PHONES,FOR HELP,IN TUNNEL"}
{"Distance": 0, "Latitude": 1.3067507816612909, "Attribute": "kpe", "CreateDate": "/Date(1440698882233)/", "__metadata": {"type": "LTAModel.VMS", "uri": "http://datamall.mytransport.sg/LTAoDataService.svc/VMSSet(32)"}, "EquipmentID": "EVMS_RF10", "Longitude": 103.8730312947188, "Summary": "Message: PLEASE,SIGNAL BEFORE,SWITCHING LANES Attribute: kpe", "Date": "/Date(1440726334000)/", "VMSID": 32, "Message": "PLEASE,SIGNAL BEFORE,SWITCHING LANES"}
{"Distance": 0, "Latitude": 1.40106950008028, "Attribute": "sst", "CreateDate": "/Date(1440697079363)/", "__metadata": {"type": "LTAModel.VMS", "uri": "http://datamall.mytransport.sg/LTAoDataService.svc/VMSSet(33)"}, "EquipmentID": "amvms_v7199", "Longitude": 103.8628019026386, "Summary": "Message: 12MN-5AM/12MN-5AM,AIRPORT RD EXIT/ON KPE CLOSED Attribute: sst", "Date": "/Date(1440722412000)/", "VMSID": 33, "Message": "12MN-5AM/12MN-5AM,AIRPORT RD EXIT/ON KPE CLOSED"}
{"Distance": 0, "Latitude": 1.3955869718313738, "Attribute": "ssl", "CreateDate": "/Date(1440698882403)/", "__metadata": {"type": "LTAModel.VMS", "uri": "http://datamall.mytransport.sg/LTAoDataService.svc/VMSSet(34)"}, "EquipmentID": "aattd_v7396", "Longitude": 103.90270818257062, "Summary": "Message:  Attribute: ssl", "Date": "/Date(1440724246000)/", "VMSID": 34, "Message": ""}
{"Distance": 0, "Latitude": 1.399432854889908, "Attribute": "ssl", "CreateDate": "/Date(1440698882310)/", "__metadata": {"type": "LTAModel.VMS", "uri": "http://datamall.mytransport.sg/LTAoDataService.svc/VMSSet(35)"}, "EquipmentID": "aattd_v7399", "Longitude": 103.90495439163972, "Summary": "Message:  Attribute: ssl", "Date": "/Date(1440725671000)/", "VMSID": 35, "Message": ""}
{"Distance": 0, "Latitude": 1.3965000036613364, "Attribute": "ssl", "CreateDate": "/Date(1440686963230)/", "__metadata": {"type": "LTAModel.VMS", "uri": "http://datamall.mytransport.sg/LTAoDataService.svc/VMSSet(36)"}, "EquipmentID": "aattd_v7386", "Longitude": 103.89468999841785, "Summary": "Message: ROAD WORKS/TPE(SLE) Attribute: ssl", "Date": "/Date(1440712187000)/", "VMSID": 36, "Message": "ROAD WORKS/TPE(SLE)"}
{"Distance": 0, "Latitude": 1.3785819397561758, "Attribute": "kpe", "CreateDate": "/Date(1440698882200)/", "__metadata": {"type": "LTAModel.VMS", "uri": "http://datamall.mytransport.sg/LTAoDataService.svc/VMSSet(37)"}, "EquipmentID": "TID_0006", "Longitude": 103.91364779125588, "Summary": "Message: 12MN-5AM,AIRPORT RD,EXIT CLOSED Attribute: kpe", "Date": "/Date(1440727232000)/", "VMSID": 37, "Message": "12MN-5AM,AIRPORT RD,EXIT CLOSED"}
{"Distance": 0, "Latitude": 1.2875806057746741, "Attribute": "ssl", "CreateDate": "/Date(1414862203160)/", "__metadata": {"type": "LTAModel.VMS", "uri": "http://datamall.mytransport.sg/LTAoDataService.svc/VMSSet(38)"}, "EquipmentID": "aattd_v1331", "Longitude": 103.84549618606604, "Summary": "Message:  Attribute: ssl", "Date": "/Date(1414883603000)/", "VMSID": 38, "Message": ""}
{"Distance": 0, "Latitude": 1.3769391685994972, "Attribute": "ssl", "CreateDate": "/Date(1440671637877)/", "__metadata": {"type": "LTAModel.VMS", "uri": "http://datamall.mytransport.sg/LTAoDataService.svc/VMSSet(39)"}, "EquipmentID": "aattd_v2302", "Longitude": 103.7736249364702, "Summary": "Message:  Attribute: ssl", "Date": "/Date(1440696852000)/", "VMSID": 39, "Message": ""}
{"Distance": 0, "Latitude": 1.3089509948178313, "Attribute": "kpe", "CreateDate": "/Date(1440691305620)/", "__metadata": {"type": "LTAModel.VMS", "uri": "http://datamall.mytransport.sg/LTAoDataService.svc/VMSSet(40)"}, "EquipmentID": "AVMS_0005", "Longitude": 103.87598280054058, "Summary": "Message: PLEASE TURN ON,LOCAL RADIO,IN TUNNEL Attribute: kpe", "Date": "/Date(1440716506000)/", "VMSID": 40, "Message": "PLEASE TURN ON,LOCAL RADIO,IN TUNNEL"}
{"Distance": 0, "Latitude": 1.3425188741917116, "Attribute": "sst", "CreateDate": "/Date(1438251567950)/", "__metadata": {"type": "LTAModel.VMS", "uri": "http://datamall.mytransport.sg/LTAoDataService.svc/VMSSet(41)"}, "EquipmentID": "amvms_v3180", "Longitude": 103.98253844129935, "Summary": "Message:  Attribute: sst", "Date": "/Date(1438276847000)/", "VMSID": 41, "Message": ""}
{"Distance": 0, "Latitude": 1.3147171033705087, "Attribute": "kpe", "CreateDate": "/Date(1440698882430)/", "__metadata": {"type": "LTAModel.VMS", "uri": "http://datamall.mytransport.sg/LTAoDataService.svc/VMSSet(42)"}, "EquipmentID": "VMS_0008", "Longitude": 103.87485742475884, "Summary": "Message: DRIVE WITH CARE, Attribute: kpe", "Date": "/Date(1440723995000)/", "VMSID": 42, "Message": "DRIVE WITH CARE,"}
{"Distance": 0, "Latitude": 1.4007915860583875, "Attribute": "sst", "CreateDate": "/Date(1440698882377)/", "__metadata": {"type": "LTAModel.VMS", "uri": "http://datamall.mytransport.sg/LTAoDataService.svc/VMSSet(43)"}, "EquipmentID": "amvms_v7198", "Longitude": 103.86489339076807, "Summary": "Message: TO SELETAR WEST LK,USE NEW EXIT 14 Attribute: sst", "Date": "/Date(1440724605000)/", "VMSID": 43, "Message": "TO SELETAR WEST LK,USE NEW EXIT 14"}
{"Distance": 0, "Latitude": 1.3774802873879757, "Attribute": "sst", "CreateDate": "/Date(1440698882330)/", "__metadata": {"type": "LTAModel.VMS", "uri": "http://datamall.mytransport.sg/LTAoDataService.svc/VMSSet(44)"}, "EquipmentID": "amvms_v7192", "Longitude": 103.92684139800237, "Summary": "Message: ROAD WORKS LN 2 3,AFT PUNGGOL Attribute: sst", "Date": "/Date(1440725158000)/", "VMSID": 44, "Message": "ROAD WORKS LN 2 3,AFT PUNGGOL"}
{"Distance": 0, "Latitude": 1.401170739261689, "Attribute": "sst", "CreateDate": "/Date(1440698882360)/", "__metadata": {"type": "LTAModel.VMS", "uri": "http://datamall.mytransport.sg/LTAoDataService.svc/VMSSet(45)"}, "EquipmentID": "amvms_v7196", "Longitude": 103.88326417303008, "Summary": "Message: ROAD WORKS LN 2 3,BEF JLN KAYU Attribute: sst", "Date": "/Date(1440725128000)/", "VMSID": 45, "Message": "ROAD WORKS LN 2 3,BEF JLN KAYU"}
{"Distance": 0, "Latitude": 1.3927285797778437, "Attribute": "sst", "CreateDate": "/Date(1440698882350)/", "__metadata": {"type": "LTAModel.VMS", "uri": "http://datamall.mytransport.sg/LTAoDataService.svc/VMSSet(46)"}, "EquipmentID": "amvms_v7194", "Longitude": 103.9081845855732, "Summary": "Message: ROAD WORKS LN 2 3,AFT PUNGGOL Attribute: sst", "Date": "/Date(1440725135000)/", "VMSID": 46, "Message": "ROAD WORKS LN 2 3,AFT PUNGGOL"}
{"Distance": 0, "Latitude": 1.372665271382998, "Attribute": "sst", "CreateDate": "/Date(1440697440100)/", "__metadata": {"type": "LTAModel.VMS", "uri": "http://datamall.mytransport.sg/LTAoDataService.svc/VMSSet(47)"}, "EquipmentID": "amvms_v7190", "Longitude": 103.93768213506192, "Summary": "Message: 12MN-5AM/12MN-5AM,AIRPORT RD EXIT/ON KPE CLOSED Attribute: sst", "Date": "/Date(1440722578000)/", "VMSID": 47, "Message": "12MN-5AM/12MN-5AM,AIRPORT RD EXIT/ON KPE CLOSED"}
{"Distance": 0, "Latitude": 1.3650919719297858, "Attribute": "sst", "CreateDate": "/Date(1440697440093)/", "__metadata": {"type": "LTAModel.VMS", "uri": "http://datamall.mytransport.sg/LTAoDataService.svc/VMSSet(48)"}, "EquipmentID": "amvms_v7188", "Longitude": 103.95424121852798, "Summary": "Message: 12MN-5AM/12MN-5AM,AIRPORT RD EXIT/ON KPE CLOSED Attribute: sst", "Date": "/Date(1440722610000)/", "VMSID": 48, "Message": "12MN-5AM/12MN-5AM,AIRPORT RD EXIT/ON KPE CLOSED"}
{"Distance": 0, "Latitude": 1.3924853841365683, "Attribute": "sst", "CreateDate": "/Date(1440698882317)/", "__metadata": {"type": "LTAModel.VMS", "uri": "http://datamall.mytransport.sg/LTAoDataService.svc/VMSSet(49)"}, "EquipmentID": "amvms_v7195", "Longitude": 103.90885088793502, "Summary": "Message: FOR HELP - PHONE/FOR HELP - PHONE,1800 - CALL LTA/1800 - 2255 582 Attribute: sst", "Date": "/Date(1440725343000)/", "VMSID": 49, "Message": "FOR HELP - PHONE/FOR HELP - PHONE,1800 - CALL LTA/1800 - 2255 582"}
{"Distance": 0, "Latitude": 1.378439758445691, "Attribute": "sst", "CreateDate": "/Date(1440641497733)/", "__metadata": {"type": "LTAModel.VMS", "uri": "http://datamall.mytransport.sg/LTAoDataService.svc/VMSSet(50)"}, "EquipmentID": "amvms_v7193", "Longitude": 103.924787381573, "Summary": "Message: , Attribute: sst", "Date": "/Date(1440666815000)/", "VMSID": 50, "Message": ","}
{"Distance": 0, "Latitude": 1.3739915281147437, "Attribute": "sst", "CreateDate": "/Date(1440641497680)/", "__metadata": {"type": "LTAModel.VMS", "uri": "http://datamall.mytransport.sg/LTAoDataService.svc/VMSSet(51)"}, "EquipmentID": "amvms_v7191", "Longitude": 103.93609214972456, "Summary": "Message: , Attribute: sst", "Date": "/Date(1440666832000)/", "VMSID": 51, "Message": ","}
{"Distance": 0, "Latitude": 1.36588161527801, "Attribute": "sst", "CreateDate": "/Date(1440642811587)/", "__metadata": {"type": "LTAModel.VMS", "uri": "http://datamall.mytransport.sg/LTAoDataService.svc/VMSSet(52)"}, "EquipmentID": "amvms_v7189", "Longitude": 103.95263443973802, "Summary": "Message: ECP,PLS KEEP RIGHT Attribute: sst", "Date": "/Date(1440668177000)/", "VMSID": 52, "Message": "ECP,PLS KEEP RIGHT"}
{"Distance": 0, "Latitude": 1.3109524876410485, "Attribute": "sst", "CreateDate": "/Date(1438251565710)/", "__metadata": {"type": "LTAModel.VMS", "uri": "http://datamall.mytransport.sg/LTAoDataService.svc/VMSSet(53)"}, "EquipmentID": "abted_vs22", "Longitude": 103.84450670798488, "Summary": "Message:  Attribute: sst", "Date": "/Date(1438276850000)/", "VMSID": 53, "Message": ""}
{"Distance": 0, "Latitude": 1.3109692294173174, "Attribute": "sst", "CreateDate": "/Date(1438251565763)/", "__metadata": {"type": "LTAModel.VMS", "uri": "http://datamall.mytransport.sg/LTAoDataService.svc/VMSSet(54)"}, "EquipmentID": "abted_vs21", "Longitude": 103.84446726086423, "Summary": "Message:  Attribute: sst", "Date": "/Date(1438276850000)/", "VMSID": 54, "Message": ""}
{"Distance": 0, "Latitude": 1.3162495085038488, "Attribute": "sst", "CreateDate": "/Date(1440665145770)/", "__metadata": {"type": "LTAModel.VMS", "uri": "http://datamall.mytransport.sg/LTAoDataService.svc/VMSSet(55)"}, "EquipmentID": "antmd_vs10", "Longitude": 103.84743620920314, "Summary": "Message: 5 JUL 10AM-11:30PM/REPUBLIC BLVD,NDP REHEARSAL/TWDS CITY CLOSED Attribute: sst", "Date": "/Date(1440690415000)/", "VMSID": 55, "Message": "5 JUL 10AM-11:30PM/REPUBLIC BLVD,NDP REHEARSAL/TWDS CITY CLOSED"}
{"Distance": 0, "Latitude": 1.3134079922850963, "Attribute": "sst", "CreateDate": "/Date(1440665145760)/", "__metadata": {"type": "LTAModel.VMS", "uri": "http://datamall.mytransport.sg/LTAoDataService.svc/VMSSet(56)"}, "EquipmentID": "antmd_vs15", "Longitude": 103.84531616035832, "Summary": "Message: USE SOS PHONE,FOR HELP Attribute: sst", "Date": "/Date(1440690415000)/", "VMSID": 56, "Message": "USE SOS PHONE,FOR HELP"}
{"Distance": 0, "Latitude": 1.3289726081037034, "Attribute": "sst", "CreateDate": "/Date(1440697440077)/", "__metadata": {"type": "LTAModel.VMS", "uri": "http://datamall.mytransport.sg/LTAoDataService.svc/VMSSet(57)"}, "EquipmentID": "amvms_v6105", "Longitude": 103.8239236264998, "Summary": "Message: GIVE WAY TO,EMERGENCY VEHICLES Attribute: sst", "Date": "/Date(1440722687000)/", "VMSID": 57, "Message": "GIVE WAY TO,EMERGENCY VEHICLES"}
{"Distance": 0, "Latitude": 1.3570224594910252, "Attribute": "kpe", "CreateDate": "/Date(1440698882197)/", "__metadata": {"type": "LTAModel.VMS", "uri": "http://datamall.mytransport.sg/LTAoDataService.svc/VMSSet(58)"}, "EquipmentID": "TID_0002", "Longitude": 103.902040829922, "Summary": "Message: 12MN-5AM,AIRPORT RD,EXIT CLOSED Attribute: kpe", "Date": "/Date(1440727278000)/", "VMSID": 58, "Message": "12MN-5AM,AIRPORT RD,EXIT CLOSED"}
{"Distance": 0, "Latitude": 1.3365650649993326, "Attribute": "sst", "CreateDate": "/Date(1440698882410)/", "__metadata": {"type": "LTAModel.VMS", "uri": "http://datamall.mytransport.sg/LTAoDataService.svc/VMSSet(59)"}, "EquipmentID": "amvms_v5190", "Longitude": 103.9412478693387, "Summary": "Message: ROAD WORKS LN 3 4,AFT EUNOS Attribute: sst", "Date": "/Date(1440724179000)/", "VMSID": 59, "Message": "ROAD WORKS LN 3 4,AFT EUNOS"}
{"Distance": 0, "Latitude": 1.3351454355002013, "Attribute": "sst", "CreateDate": "/Date(1440698882420)/", "__metadata": {"type": "LTAModel.VMS", "uri": "http://datamall.mytransport.sg/LTAoDataService.svc/VMSSet(60)"}, "EquipmentID": "amvms_v5192", "Longitude": 103.93326221248113, "Summary": "Message: ROAD WORKS LN 3 4,AFT EUNOS Attribute: sst", "Date": "/Date(1440724148000)/", "VMSID": 60, "Message": "ROAD WORKS LN 3 4,AFT EUNOS"}
{"Distance": 0, "Latitude": 1.3244034537497549, "Attribute": "sst", "CreateDate": "/Date(1440698882393)/", "__metadata": {"type": "LTAModel.VMS", "uri": "http://datamall.mytransport.sg/LTAoDataService.svc/VMSSet(61)"}, "EquipmentID": "amvms_v5196", "Longitude": 103.89884850706756, "Summary": "Message: ROAD WORKS,PLS AVOID LN 3 4 Attribute: sst", "Date": "/Date(1440724363000)/", "VMSID": 61, "Message": "ROAD WORKS,PLS AVOID LN 3 4"}
{"Distance": 0, "Latitude": 1.3298746360098923, "Attribute": "sst", "CreateDate": "/Date(1440697440087)/", "__metadata": {"type": "LTAModel.VMS", "uri": "http://datamall.mytransport.sg/LTAoDataService.svc/VMSSet(62)"}, "EquipmentID": "amvms_v6101", "Longitude": 103.84877220569123, "Summary": "Message: , Attribute: sst", "Date": "/Date(1440722685000)/", "VMSID": 62, "Message": ","}
{"Distance": 0, "Latitude": 1.3260898703670134, "Attribute": "sst", "CreateDate": "/Date(1440697440080)/", "__metadata": {"type": "LTAModel.VMS", "uri": "http://datamall.mytransport.sg/LTAoDataService.svc/VMSSet(63)"}, "EquipmentID": "amvms_v6103", "Longitude": 103.83183204044164, "Summary": "Message: , Attribute: sst", "Date": "/Date(1440722686000)/", "VMSID": 63, "Message": ","}
